4963406;США
40173351;Германия
40173689;Германия
40173832;Германия
40534695;Германия
Штрих-код;Страна производитель
42065210;Германия
42065241;Германия
42220138;Германия
49000014273;США
776029701548;Канада
776029701678;Канада
776029702729;Канада
776029703191;Канада
776029706475;Канада
776029706802;Канада
776029706826;Канада
851231000105;Франция
3104930410117;Франция
3104930410216;Франция
3260420093724;Франция
3260420093854;Франция
3260420093861;Франция
3260420093892;Франция
3271470750291;Франция
3271470751106;Франция
3271470752684;Франция
3271470752691;Франция
3271470753087;Франция
3271470755739;Франция
3271470755777;Франция
3271470757085;Франция
3271470757153;Франция
3271470759935;Франция
3271470760498;Франция
3271471500000;Франция
3271472000165;Франция
3285590000716;Франция
3331720000214;Франция
3331720000559;Франция
3331720000641;Франция
3360920101179;Франция
3360920101322;Франция
3360920121153;Франция
3360920131282;Франция
3360920131510;Франция
3360920202227;Франция
3360920206669;Франция
3360920404904;Франция
3360920414187;Франция
3360920505557;Франция
3360920505564;Франция
3423182104001;Франция
3423182104019;Франция
3423182104026;Франция
3448550001158;Франция
3448550001165;Франция
3507291235441;Франция
3507291240728;Франция
3507291240735;Франция
3507291240742;Франция
3507291240759;Франция
3507291240766;Франция
3507291240773;Франция
3551470150018;Франция
3551470150018;Франция
3551470330014;Франция
3551470750010;Франция
3551470750027;Франция
3551470750027;Франция
3551470750065;Франция
3551470750102;Франция
3551470751024;Франция
3551470751031;Франция
3551470752106;Франция
3551470755015;Франция
3551470755039;Франция
3551470755084;Франция
3760031905268;Франция
3760031905282;Франция
3760031905282;Франция
3760061440012;Франция
3760061440050;Франция
3760061440074;Франция
3760061440357;Франция
3760061440784;Франция
3760104080014;Франция
3760104080045;Франция
3760205860003;Франция
3760205860010;Франция
3760205860034;Франция
3760205860041;Франция
3760205860201;Франция
3770001669823;Франция
3770001669830;Франция
4000173113107;Германия
4000173113312;Германия
4000173313248;Германия
4000173313255;Германия
4003669016807;Германия
4004315000102;Германия
4004315000348;Германия
4004315000614;Германия
4004315005466;Германия
4004315005510;Германия
4004315005541;Германия
4004315005626;Германия
4004315005633;Германия
4005686001095;Германия
4005686004157;Германия
4005686014163;Германия
4014239001024;Германия
4014239001086;Германия
4014239004261;Германия
4014239004278;Германия
4014239008597;Германия
4014388001036;Германия
4015576234113;Германия
4015576235905;Германия
4017300020016;Германия
4053400206806;Германия
4054500134914;Германия
4072700001171;Германия
4260556082004;Германия
4260556082028;Германия
4260628470098;Германия
4600840435275;Россия
4600840435305;Россия
4600840435312;Россия
4600840435329;Россия
4600840435336;Россия
4600840435404;Россия
4600870006599;Россия
4600870006612;Россия
4600870007589;Россия
4602864015785;Россия
4602864015884;Россия
4602864015952;Россия
4602864015969;Россия
4602864021786;Россия
4603734317022;Испания
4603736368015;Россия
4603736368053;Россия
4603736368107;Россия
4603736368169;Россия
4603736368176;Россия
4603736368183;Россия
4603736368268;Россия
4603736368336;Россия
4603736368404;Россия
4603736368473;Россия
4603736368473;Россия
4603783566006;Россия
4603783566082;Россия
4603783566099;Россия
4603783566129;Россия
4603783566167;Россия
4603783566174;Россия
4603783566242;Россия
4603783566297;Россия
4603783566303;Россия
4603783566402;Россия
4603783566419;Россия
4603785038280;Россия
4607026341740;Россия
4607026341870;Россия
4607026342396;Россия
4607026342563;Россия
4607026342570;Россия
4607026342631;Россия
4607049140207;Россия
4607049140214;Россия
4607049140221;Россия
4607049140238;Россия
4607049140245;Россия
4607049140252;Россия
4607049141112;Россия
4607049141129;Россия
4607049141136;Россия
4607049141143;Россия
4607049141167;Россия
4607049141174;Россия
4607049141181;Россия
4607049141204;Россия
4607958980185;Россия
4607958980192;Россия
4607958980208;Россия
4607958980215;Россия
4607958980222;Россия
4607958980239;Россия
4607958981090;Россия
4607958981236;Россия
4607958981298;Россия
4607958981335;Россия
4609562882039;Россия
4609562882046;Россия
4609562882084;Россия
4620054941232;Россия
4620054941263;Россия
4620085780138;Россия
4620085780190;Россия
4620085780343;Россия
4620085780350;Россия
4620085780435;Россия
4620085780749;Россия
4620085782897;Россия
4620085782989;Россия
4620085784624;Россия
4620094610051;Россия
4620094610099;Россия
4620770962092;Россия
4620770962115;Россия
4620770962139;Россия
4620770962139;Россия
4620770962214;Россия
4620770962375;Россия
4620770962399;Россия
4620770962412;Россия
4620770962436;Россия
4620770962450;Россия
4620770962498;Россия
4623722135940;Россия
4623722136046;Россия
4623722760425;Россия
4623723360365;Россия
4623723417007;Россия
4623723740273;Россия
4623723745261;Россия
4623723745292;Россия
4623723843394;Россия
4623723846654;Россия
4623723846661;Россия
4630016560579;Россия
4630016560586;Россия
4630027300492;Россия
4630027300508;Россия
4630027300744;Россия
4630027300782;Россия
4630027300799;Россия
4630027300812;Россия
4630027300829;Россия
4630027300836;Россия
4630027300843;Россия
4630027300980;Россия
4630027301000;Россия
4630027301017;Россия
4630027301079;Россия
4630027301093;Россия
4630027301109;Россия
4630027301130;Россия
4630029641890;Россия
4630029641906;Россия
4630029641913;Россия
4630037754803;Россия
4630037755169;Россия
4630037755176;Россия
4630037756449;Россия
4630037756456;Россия
4630037756715;Россия
4630037756722;Россия
4630037756739;Россия
4630037756746;Россия
4630037757033;Россия
4630037757194;Россия
4630037757262;Россия
4630037757286;Россия
4630037757309;Россия
4630037757354;Россия
4630037757491;Россия
4630037757835;Россия
4630037757941;Россия
4630037758276;Россия
4630037758283;Россия
4630037758368;Россия
4630037758412;Россия
4630037758610;Россия
4630037758924;Россия
4630037759150;Россия
4630037759167;Россия
4630037759228;Россия
4630037759341;Россия
4630037759358;Россия
4630037759372;Россия
4630037759396;Россия
4630037759495;Россия
4630037759662;Россия
4630037759709;Россия
4630037759723;Россия
4630037759747;Россия
4630037759761;Россия
4630037759778;Россия
4630178430154;Россия
4630178430178;Россия
4630178430185;Россия
4630178430192;Россия
4630178430208;Россия
4630178430260;Россия
4630178430284;Россия
4630178430307;Россия
4630178430345;Россия
4630178430567;Россия
4630178430574;Россия
4630178430611;Россия
4630178430628;Россия
4630178430642;Россия
4630178430734;Россия
4630178430758;Россия
4630178430772;Россия
4630178430789;Россия
4630178430840;Россия
4631150416500;Россия
4631150416517;Россия
4631150416524;Россия
4631150416531;Россия
4631150416555;Россия
4631150416562;Россия
4631150416579;Россия
4631150416586;Россия
4631150416609;Россия
4631150416616;Россия
4631150416630;Россия
4631150416647;Россия
4631150416807;Россия
4631150416814;Россия
4631150416821;Россия
4631150416869;Россия
4631150416883;Россия
4631150416906;Россия
4631150416913;Россия
4631150416920;Россия
4631150416920;Россия
4631150417057;Россия
4631150417156;Россия
4631150417187;Россия
4631150417194;Россия
4631150417255;Россия
4631150417262;Россия
4631150417279;Россия
4631150417286;Россия
4631150417309;Россия
4631150417316;Россия
4631150417354;Россия
4631150417361;Россия
4631150417378;Россия
4631150417385;Россия
4631150417392;Россия
4631150417408;Россия
4631169204945;Россия
4640013663494;Россия
4640013664590;Россия
4640013664606;Россия
4640195520011;Россия
4640195520028;Россия
4640195520035;Россия
4640195520042;Россия
4640195520059;Россия
4640195520066;Россия
4640195520097;Россия
4640195520103;Россия
4640195520110;Россия
4640195520349;Россия
4640195520356;Россия
4640195520387;Россия
4640195520394;Россия
4640195520455;Россия
4640195520462;Россия
4640195520479;Россия
4640195520486;Россия
4640195520530;Россия
4640195520547;Россия
4640195520585;Россия
4640195520608;Россия
4640195520615;Россия
4640195522541;россия
4640195522565;россия
4640195522589;россия
4640195522596;россия
4650313020071;Россия
4650313020354;Россия
4650313020378;Россия
4650313020392;Россия
4650313020408;Россия
4650313020415;Россия
4650313020439;Россия
4650313020446;Россия
4650313020453;Россия
4650313020460;Россия
4650313020620;Россия
4650313020644;Россия
4650313020651;Россия
4650313020965;Россия
4657761490074;Беларусь
4657761490098;Беларусь
4657761490135;Беларусь
4657761490135;Беларусь
4657761490173;Беларусь
4657761490999;Беларусь
4670025472791;Россия
4670025474412;Россия
4670025474429;Россия
4673729298155;Россия
4673733786006;Россия
4673733786013;Россия
4673733786020;Россия
4673733786037;Польша
4673743990202;Россия
4678598010006;Россия
4678598010020;Россия
4678598010068;Россия
4678598010082;Россия
4680089900024;Россия
4680089900130;Россия
4680089900147;Россия
4680089900215;Россия
4680089900260;Россия
4687202295456;Россия
4687202697151;Россия
4687202697168;Россия
4691112881272;Россия
4810316002799;Россия
4810316002805;Россия
4810316002836;Россия
4810316002843;Россия
4810316003062;Россия
4810316003079;Россия
4810316003598;Россия
4811023000764;Беларусь
4811023000771;Беларусь
4811023001129;Беларусь
4811023001167;Беларусь
4811023001198;Беларусь
4811023001204;Беларусь
4811023001235;Беларусь
4811023001242;Беларусь
4811023002058;Беларусь
4811023002072;Беларусь
4811023002140;Беларусь
4811023002164;Беларусь
4811023002188;Беларусь
4811023002195;Беларусь
4811023002218;Беларусь
4811023002232;Беларусь
4811023002249;Беларусь
4811023002263;Беларусь
4811023002287;Беларусь
4811023002294;Беларусь
4811023002317;Беларусь
4811023002348;Беларусь
4811023002362;Беларусь
4811023002386;Беларусь
4811023002461;Беларусь
4811023002669;Беларусь
4811023003208;Беларусь
4811023003475;Беларусь
4811023004069;Беларусь
4811023004120;Беларусь
4811023004892;Беларусь
4811023004915;Беларусь
4811023005370;Беларусь
4811023005394;Беларусь
4811023005448;Беларусь
4811023005479;Беларусь
4811023005493;Беларусь
4811023005615;Беларусь
4811023005639;Беларусь
4811023005660;Беларусь
4811023005684;Беларусь
4811023005691;Беларусь
4811023005714;Беларусь
4811023005714;Беларусь
4811023005721;Беларусь
4811023005752;Беларусь
4811023005837;Беларусь
4811023005851;Беларусь
4811023005912;Беларусь
4811023005936;Беларусь
4870009003564;Казахстан
4870009003571;Казахстан
4870009003779;Казахстан
4870009003793;Казахстан
5027342001293;Великобритания
5027342001316;Великобритания
5027342001729;Великобритания
5027342002290;Великобритания
5027342002993;Великобритания
5027342003303;Великобритания
5027342003631;Великобритания
5027342003884;Великобритания
5027342003945;Великобритания
5027342005390;Великобритания
5027342005567;Великобритания
5027342005673;Великобритания
5035766060253;Великобритания
5391516871365;Великобритания
5391516871402;Великобритания
5411676802020;Бельгия
5411676805007;Бельгия
5413699173620;Бельгия
5413699207516;Бельгия
5413699240919;Бельгия
5449000054531;Россия
5740700987984;Дания
5740700996153;Дания
7501064193972;Мексика
7930119030021;Россия
7930119030144;Россия
8017938008185;Италия
8410635004038;Испания
8410635004045;Испания
8410635004069;Испания
8410635039160;Испания
8410635396249;Испания
8410635396256;Испания
8410635396263;Испания
8410635396287;Испания
8410635396317;Испания
8410635396690;Испания
8410635396706;Испания
8410635396713;Испания
8413481013001;Испания
8421608027008;Испания
8422316000024;Испания
8422316001038;Испания
8422316001045;Испания
8422316001137;Испания
8422333000014;Испания
8422333000069;Испания
8422333000069;Испания
8422333000229;Испания
8422333000229;Испания
8435185944009;Польша
8435185954626;Польша
8437000738121;Испания
8437000738145;Испания
8437005264014;Испания
8437005264021;Испания
8437016478035;Испания
8437016478042;Испания
8593875610112;Чехия
8593875910595;Чехия
8594200060015;Чехия
8594200060053;Чехия
8719326018300;Нидерланды
8719326018348;Нидерланды
9010300000038;Австрия
9010300012529;Австрия
9909900510385;Польша
